{"cameraMode":{"drawMode":0,"name":"Shaded","section":"Shading Mode"},"sceneLighting":true,"audioPlay":false,"sceneViewState":{"showFog":true,"showMaterialUpdate":false,"showSkybox":false,"showFlares":true,"showImageEffects":true,"showParticleSystems":true},"in2DMode":false,"pivot":{"x":0.2252817004919052,"y":5.499675273895264,"z":-9.02816390991211},"rotation":{"x":-0.07971227169036865,"y":0.024538734927773477,"z":-0.0019007219234481454,"w":-0.9966315627098084},"size":2.319091320037842,"orthographic":false}